Track name,Artist name,Album,Playlist name,Type,ISRC,Spotify - id
"Condemna (Llevant)","Cris Juanico","Condemna (Llevant)","🏝️ Música Balear 🏝️ - Hits de Mallorca, Menorca, Eivissa i Formentera 2026","Playlist","ES80A2522801","3yoHKBJJWl8FIuCSBq6Wd5"
"Què volen","Rudymentari","Què volen","🏝️ Música Balear 🏝️ - Hits de Mallorca, Menorca, Eivissa i Formentera 2026","Playlist","ES16E2600834","66CQ755i2rcOJyC8ublqug"
"Tu ets ses teves ferides","Reggaetonpare","UN PUNT FINAL I UN PUNT D'INICI","🏝️ Música Balear 🏝️ - Hits de Mallorca, Menorca, Eivissa i Formentera 2026","Playlist","ESA092517412","1QcYTFa8piepsct5CvZ1il"
"LA DAMA DE MALLORCA","MARIA HEIN","LA DAMA DE MALLORCA","🏝️ Música Balear 🏝️ - Hits de Mallorca, Menorca, Eivissa i Formentera 2026","Playlist","ES97D2311001","5fjLGqrka4TRFw9Mm50C6x"
"Te Vendré a Cercar","Xanguito","Beix","🏝️ Música Balear 🏝️ - Hits de Mallorca, Menorca, Eivissa i Formentera 2026","Playlist","ES17D1700265","5qJYu8e4mqAdXTl5xsHh9V"
"Viure Sense Tu","Antònia Font","Antònia Font","🏝️ Música Balear 🏝️ - Hits de Mallorca, Menorca, Eivissa i Formentera 2026","Playlist","ES8570732603","6t18lS4oVhqSgPTBAB1QES"
"Som","Rudymentari","CONTRACORRENT","🏝️ Música Balear 🏝️ - Hits de Mallorca, Menorca, Eivissa i Formentera 2026","Playlist","ESA011917840","52tkDCficCsu0JvmSeqY0T"
"Si Véns","Ja T'ho Dire","Historia D'un Viatge","🏝️ Música Balear 🏝️ - Hits de Mallorca, Menorca, Eivissa i Formentera 2026","Playlist","ES5950200100","2Y5p4EeVSa97QhBPaOdYAH"
"Sant Antoni - de Manacor","Nastallat","Sant Antoni (de Manacor)","🏝️ Música Balear 🏝️ - Hits de Mallorca, Menorca, Eivissa i Formentera 2026","Playlist","ES8572510701","5eEiWXO0JrTKGrR7rnYHeE"
"Sa Batxateta","Ses Bísties de Mongofre","Sa Batxateta","🏝️ Música Balear 🏝️ - Hits de Mallorca, Menorca, Eivissa i Formentera 2026","Playlist","QZRP52566073","6zVoAkpF6lHf00QSCdsW3c"
"Altres Monocromies","Negre","Encara Un Misteri","🏝️ Música Balear 🏝️ - Hits de Mallorca, Menorca, Eivissa i Formentera 2026","Playlist","ES80A2522204","0UkAFDNKAQhE3BVK438R6R"
"Pa Amb Oli Nacional","Ocults","Bàsic","🏝️ Música Balear 🏝️ - Hits de Mallorca, Menorca, Eivissa i Formentera 2026","Playlist","ES8570747302","4Fw8TocGKhHwTG92dpKPYP"
"Jo Tenc una Enamorada","Projecte Mut","Poèsica","🏝️ Música Balear 🏝️ - Hits de Mallorca, Menorca, Eivissa i Formentera 2026","Playlist","ES5060919518","6Fmjo5t6aFxXu4rDwZ0iKB"
"Paradís","Pèl De Gall","A Sa Vostra Salut","🏝️ Música Balear 🏝️ - Hits de Mallorca, Menorca, Eivissa i Formentera 2026","Playlist","ES80A1914003","5RZNOfCnhURjTFqacuAijj"
"Vacasiones a Mallorca","Ossifar","20 Anys 50 Cansiones","🏝️ Música Balear 🏝️ - Hits de Mallorca, Menorca, Eivissa i Formentera 2026","Playlist","ES8570757405","5upIGv8HJ1pFRSBochcHcg"
"Què coi ha passat","K-ZU","Què coi ha passat","🏝️ Música Balear 🏝️ - Hits de Mallorca, Menorca, Eivissa i Formentera 2026","Playlist","ES17D2502973","6l3IV9MPh2Vjjmtcqx2jmT"
"De bon de veres","Reïna","De bon de veres","🏝️ Música Balear 🏝️ - Hits de Mallorca, Menorca, Eivissa i Formentera 2026","Playlist","QZNWT2416900","6XFvE07eLL5enBFDV82Y1d"
"Sense tu","Oprimits","Endavant","🏝️ Música Balear 🏝️ - Hits de Mallorca, Menorca, Eivissa i Formentera 2026","Playlist","ES5951304426","6vuRAkKkgKhwZ4JyNXGBLM"
"Me Vull Amb Tu","MDMAR","Me Vull Amb Tu","🏝️ Música Balear 🏝️ - Hits de Mallorca, Menorca, Eivissa i Formentera 2026","Playlist","ES8572306201","2aNq2pfhA6bmmjf5REO7M9"
"Pus Mai Més","Plan-ET","PLANETOSKY S.A","🏝️ Música Balear 🏝️ - Hits de Mallorca, Menorca, Eivissa i Formentera 2026","Playlist","USY242483735","2OYiLCDnhBSuuC4tZ8xMBH"
"Final Feliç","Joan Miquel Oliver","Bombon Mallorquin","🏝️ Música Balear 🏝️ - Hits de Mallorca, Menorca, Eivissa i Formentera 2026","Playlist","ES8570752504","79VZJbDYiJ48yqLECDknjQ"
"Cada nit","Anegats","Mons Diferents","🏝️ Música Balear 🏝️ - Hits de Mallorca, Menorca, Eivissa i Formentera 2026","Playlist","ES8570740703","0nmWetPONCq8SLUmEHofvi"
"Sa Lluna Damunt Formentera","Projecte Mut","10 Anys I Bons","🏝️ Música Balear 🏝️ - Hits de Mallorca, Menorca, Eivissa i Formentera 2026","Playlist","ES5951605457","1vBUpgTd3dkHPTf3HYEAKD"
"FRIKIS","FADES","METALLIX","🏝️ Música Balear 🏝️ - Hits de Mallorca, Menorca, Eivissa i Formentera 2026","Playlist","QZTBA2470442","5FcTv6faNsBQ5KcJDGKGFT"
"Sa fel","Da Souza","Dies d'Attrezzo","🏝️ Música Balear 🏝️ - Hits de Mallorca, Menorca, Eivissa i Formentera 2026","Playlist","ES40B2200028","3dd1qnPslZYIlbOz1EKVQh"
"Tornes","Suc I Sopes","Tornes","🏝️ Música Balear 🏝️ - Hits de Mallorca, Menorca, Eivissa i Formentera 2026","Playlist","QZRP52500278","0h2n7BZ5v37Po3FZnHw0sh"
"Calgary 88","Antònia Font","Lamparetes","🏝️ Música Balear 🏝️ - Hits de Mallorca, Menorca, Eivissa i Formentera 2026","Playlist","ES21I1100007","3JVnENbLG8glzbsHipzO2K"
"ARTIFICIAL","FADES","METALLIX","🏝️ Música Balear 🏝️ - Hits de Mallorca, Menorca, Eivissa i Formentera 2026","Playlist","ES6102426202","5V6pQMM8bgFnocNxK5zPoI"
"Ressaca a sa platja","Maria Jaume","Nostàlgia Airlines","🏝️ Música Balear 🏝️ - Hits de Mallorca, Menorca, Eivissa i Formentera 2026","Playlist","ES40B2300065","6TMsPIBih5mb6phJiRZ4ee"
"BBY","Plan-ET","Kepler-454","🏝️ Música Balear 🏝️ - Hits de Mallorca, Menorca, Eivissa i Formentera 2026","Playlist","ESA012220913","7DCtNl9hmi1lw72rguErAo"
"Verí de s'altra punta","Lluís Cabot","Fernanda","🏝️ Música Balear 🏝️ - Hits de Mallorca, Menorca, Eivissa i Formentera 2026","Playlist","ES40B2000080","1tV4EJmsARPdAJ2TxIa6k6"
"Gra6","Oprimits","Endavant","🏝️ Música Balear 🏝️ - Hits de Mallorca, Menorca, Eivissa i Formentera 2026","Playlist","ES5951304424","2VeUAJWtRN14MHbf0We0UF"
"Tornarem","Xanguito","Milions D'Estrelles","🏝️ Música Balear 🏝️ - Hits de Mallorca, Menorca, Eivissa i Formentera 2026","Playlist","ES17D2001005","4B7ySIHSMyWApcuorpeCLE"
"Metres per segon","Da Souza","Salsa agredolça","🏝️ Música Balear 🏝️ - Hits de Mallorca, Menorca, Eivissa i Formentera 2026","Playlist","ES09S1900467","59lsrMMzO6eHEVDiwuOzfC"
"SUPERGLUUU","Plan-ET","Kepler-454","🏝️ Música Balear 🏝️ - Hits de Mallorca, Menorca, Eivissa i Formentera 2026","Playlist","QM4TX2290658","3zg4bYgD1g9VTqWeX8vdEF"
"Catalonian Girls","FADES","Catalonian Girls","🏝️ Música Balear 🏝️ - Hits de Mallorca, Menorca, Eivissa i Formentera 2026","Playlist","QZNWU2352585","0gMCNrYa3fZqtQtZ30crAq"
"Carinyo","Reïna","Arts Marcials","🏝️ Música Balear 🏝️ - Hits de Mallorca, Menorca, Eivissa i Formentera 2026","Playlist","ES17D2101480","3XtcsceoXRXOVbn6udRUqE"
"Fent voltes per Palma","Xanguito","Bon Rotllo","🏝️ Música Balear 🏝️ - Hits de Mallorca, Menorca, Eivissa i Formentera 2026","Playlist","ES71G2405189","5s0N9Zoh2whYUuhXapWmBO"
"T'estim","Panellet","Sayonara","🏝️ Música Balear 🏝️ - Hits de Mallorca, Menorca, Eivissa i Formentera 2026","Playlist","QM4TW2405791","4Ri1wxTso2S6t0Y1hGWTKx"
"Hoteles, sol y playa","Maria Jaume","Nostàlgia Airlines","🏝️ Música Balear 🏝️ - Hits de Mallorca, Menorca, Eivissa i Formentera 2026","Playlist","ES40B2400007","6LPebm6OdvoTHViMLpX30o"
"Som Oprimits","Oprimits","Endavant","🏝️ Música Balear 🏝️ - Hits de Mallorca, Menorca, Eivissa i Formentera 2026","Playlist","ES5951304425","6BWgTHNcD9iCzymXmHURK0"
"Altres Monocromies - Remix","Negre","Altres Monocromies (Remix)","🏝️ Música Balear 🏝️ - Hits de Mallorca, Menorca, Eivissa i Formentera 2026","Playlist","ES80A2522211","1QfB0ly7fTTQGuxylkMAOL"
"me vares robar","Plan-ET","Amor Blindat","🏝️ Música Balear 🏝️ - Hits de Mallorca, Menorca, Eivissa i Formentera 2026","Playlist","USX9P2315983","0HJrNSEto9hc6IvBzz3cEJ"
"Venc amb tu","Antònia Font","Un minut estroboscòpica","🏝️ Música Balear 🏝️ - Hits de Mallorca, Menorca, Eivissa i Formentera 2026","Playlist","ES66S2100077","2LrcdPgMTtoqpUHmmjn7dx"
"Sa Porsella i Es Sivil","Ossifar","Bàsic","🏝️ Música Balear 🏝️ - Hits de Mallorca, Menorca, Eivissa i Formentera 2026","Playlist","ES8570747002","23CKvds0epfp7EtvLpXknS"
"Nit i dia","Verlaat","Nit i dia","🏝️ Música Balear 🏝️ - Hits de Mallorca, Menorca, Eivissa i Formentera 2026","Playlist","QZHN42168936","5omaGE3fAW3fuXCdLazfpp"
"Radiolaris","Miquel Serra","L'Elegància Dorm","🏝️ Música Balear 🏝️ - Hits de Mallorca, Menorca, Eivissa i Formentera 2026","Playlist","ES42G1900023","799fPFKlkK7Qyt7xHTErBx"
"Hater","OR (O-ERRA)","Hater","🏝️ Música Balear 🏝️ - Hits de Mallorca, Menorca, Eivissa i Formentera 2026","Playlist","ES4572381801","11B1pCZogSJxniB8qhDUVD"
"Pep","Da Souza","Pep","🏝️ Música Balear 🏝️ - Hits de Mallorca, Menorca, Eivissa i Formentera 2026","Playlist","ES40B2100019","1ZKKF5ktyBzqhQnQaTYuN6"
"Terra i sal","Pèl De Gall","Terra i sal","🏝️ Música Balear 🏝️ - Hits de Mallorca, Menorca, Eivissa i Formentera 2026","Playlist","ES80A2217504","3luQLBwjBeEy6Zs255DXZR"
"Fotogrames","Da Souza","Dies d'Attrezzo","🏝️ Música Balear 🏝️ - Hits de Mallorca, Menorca, Eivissa i Formentera 2026","Playlist","ES40B2200024","4tlSjJwUgJeBzN7t73MQWA"
"Hola Pilar","Ocults","Bàsic","🏝️ Música Balear 🏝️ - Hits de Mallorca, Menorca, Eivissa i Formentera 2026","Playlist","ES8570747303","2Yxzq0x5qEl9ClCDtkEx7M"
"Mai neva a Ciutat","FADES","Mai neva a Ciutat","🏝️ Música Balear 🏝️ - Hits de Mallorca, Menorca, Eivissa i Formentera 2026","Playlist","QZTBB2357459","6ucdRCVr3AgJspBFDMo46v"
"Sa teva presència","MARIA HEIN","Continent i contingut","🏝️ Música Balear 🏝️ - Hits de Mallorca, Menorca, Eivissa i Formentera 2026","Playlist","ES97D2109203","6fymPOqc4tJD3F333C8dHW"
"com estimar un mirall","Salvatge Cor","CRUÏLLA","🏝️ Música Balear 🏝️ - Hits de Mallorca, Menorca, Eivissa i Formentera 2026","Playlist","QM4TW2234137","71qARLadzVgysFh7YksxpP"
"Marivent","Caspary","Gäbi","🏝️ Música Balear 🏝️ - Hits de Mallorca, Menorca, Eivissa i Formentera 2026","Playlist","ES71G2402253","6A2jL37Y5T2x01aCDciI9E"
"Oh la la","Antònia Font","Un minut estroboscòpica","🏝️ Música Balear 🏝️ - Hits de Mallorca, Menorca, Eivissa i Formentera 2026","Playlist","ES66S2100069","1viuuuIRWtYP5Chx6MBpDD"
"Ai ai ai (cicatriu)","Lluís Cabot","Ai ai ai (cicatriu)","🏝️ Música Balear 🏝️ - Hits de Mallorca, Menorca, Eivissa i Formentera 2026","Playlist","ES40B2100033","40FbCrPo5gmQhncUCwBzVP"
"Me desplom","Maria Jaume","Voltes i voltes","🏝️ Música Balear 🏝️ - Hits de Mallorca, Menorca, Eivissa i Formentera 2026","Playlist","ES40B2200006","6KWWMpx77b6UT8RLNHziBt"
"Es teus ulls davant la mar","MARIA HEIN","Continent i contingut","🏝️ Música Balear 🏝️ - Hits de Mallorca, Menorca, Eivissa i Formentera 2026","Playlist","ES97D2109201","73KmNhDvchvaAxOwFKIyrI"
"Marès a Radial","Joan Miquel Oliver","Pegasus","🏝️ Música Balear 🏝️ - Hits de Mallorca, Menorca, Eivissa i Formentera 2026","Playlist","ES55G1500021","025DHHkuEmcSsJfVtJZM0u"
"Alegria","Antònia Font","Alegria","🏝️ Música Balear 🏝️ - Hits de Mallorca, Menorca, Eivissa i Formentera 2026","Playlist","ES5300822325","1ia819gHWbLBBYHqK76Yg8"
"Tu I Jo","Reïna","Arts Marcials","🏝️ Música Balear 🏝️ - Hits de Mallorca, Menorca, Eivissa i Formentera 2026","Playlist","ES17D2101478","5EcrbmaNWaMouRWmS894II"
"IGLÚ","Plan-ET","Kepler-454","🏝️ Música Balear 🏝️ - Hits de Mallorca, Menorca, Eivissa i Formentera 2026","Playlist","QM4TX2290659","6pDKzSSTr8Y7fWmPg3tZ4P"
"Comença pel final","Lluís Cabot","Periple estacionari","🏝️ Música Balear 🏝️ - Hits de Mallorca, Menorca, Eivissa i Formentera 2026","Playlist","QM6P41850604","3lsL0wmrAT4FIBqYyvXSz7"
"Honey","Joan Miquel Oliver","Elektra","🏝️ Música Balear 🏝️ - Hits de Mallorca, Menorca, Eivissa i Formentera 2026","Playlist","ES5301867859","6MeXxGeHVobj2k3E2sJWO8"
"La Canción Del Verano","OR (O-ERRA)","Focs Artificials","🏝️ Música Balear 🏝️ - Hits de Mallorca, Menorca, Eivissa i Formentera 2026","Playlist","ES8572204401","2qMV5rRYKof93Sl3dFhI5X"
"Sempre t’estim","Xanguito","Bon Rotllo","🏝️ Música Balear 🏝️ - Hits de Mallorca, Menorca, Eivissa i Formentera 2026","Playlist","ES71G2404717","4S8l05eSdxWNHPQxYPZ6Wl"
"Autonomia per principiants","Maria Jaume","Fins a maig no revisc","🏝️ Música Balear 🏝️ - Hits de Mallorca, Menorca, Eivissa i Formentera 2026","Playlist","ES40B2000022","5OazScsRZcyT9t73t0pYHE"
"ALENAR","MARIA HEIN","ALENAR","🏝️ Música Balear 🏝️ - Hits de Mallorca, Menorca, Eivissa i Formentera 2026","Playlist","QM7282411548","2IY2iIPh2rmKrQSjytrQ7H"
"Bomba de fum","Da Souza","Dies d'Attrezzo","🏝️ Música Balear 🏝️ - Hits de Mallorca, Menorca, Eivissa i Formentera 2026","Playlist","ES40B2200030","7ublaNwsXi8j0N9IyS4cLA"
"Saps les Meves Eines","Miquel Serra","L'Elegància Dorm","🏝️ Música Balear 🏝️ - Hits de Mallorca, Menorca, Eivissa i Formentera 2026","Playlist","ES42G1900018","6Lf1p3PLrN5Ep7YBQCVrq2"
"En Veu Baixa","OR (O-ERRA)","En Veu Baixa","🏝️ Música Balear 🏝️ - Hits de Mallorca, Menorca, Eivissa i Formentera 2026","Playlist","ES8571972502","6hPafokbNmztZOfaluCjKy"
"Com un Mallorquina","Ocults","Bàsic","🏝️ Música Balear 🏝️ - Hits de Mallorca, Menorca, Eivissa i Formentera 2026","Playlist","ES8570747304","6qSH2QLXCaKMFe4RrkDGcD"
"Milions D'Estrelles","Xanguito","Milions D'Estrelles","🏝️ Música Balear 🏝️ - Hits de Mallorca, Menorca, Eivissa i Formentera 2026","Playlist","ES17D2001024","2LAuBXg68LrTDr9UGKmybm"
"Finestres en pont","Verlaat","Finestres en pont","🏝️ Música Balear 🏝️ - Hits de Mallorca, Menorca, Eivissa i Formentera 2026","Playlist","QZHNA2288338","38xn7ZSPwSgr1b6Onpbukg"
"Fuig i no me toquis","Maria Jaume","Fins a maig no revisc","🏝️ Música Balear 🏝️ - Hits de Mallorca, Menorca, Eivissa i Formentera 2026","Playlist","ES40B2000028","3wDLyOiW5eR7byjoQyF9Zd"
"Amants perfectes","Antònia Font","Un minut estroboscòpica","🏝️ Música Balear 🏝️ - Hits de Mallorca, Menorca, Eivissa i Formentera 2026","Playlist","ES66S2100071","3MK6JrPoWh5wJcjIJ3Hlxh"
"Diarro","Da Souza","Dies d'Attrezzo","🏝️ Música Balear 🏝️ - Hits de Mallorca, Menorca, Eivissa i Formentera 2026","Playlist","ES40B2200026","0st6ip3KUlmuc7ET30ez1V"
"Dins un Avió de Paper","Joan Miquel Oliver","Bombon Mallorquin","🏝️ Música Balear 🏝️ - Hits de Mallorca, Menorca, Eivissa i Formentera 2026","Playlist","ES8570752509","4PBQzIWGIat0ibKAINrUjd"
"En Voler","Projecte Mut","Corda I Poal","🏝️ Música Balear 🏝️ - Hits de Mallorca, Menorca, Eivissa i Formentera 2026","Playlist","ES5061202003","1EfhnavykuT0BCIPICirRK"
"Respirar","OR (O-ERRA)","IMAGINARI","🏝️ Música Balear 🏝️ - Hits de Mallorca, Menorca, Eivissa i Formentera 2026","Playlist","ES8572177305","5tTjmDHaL5gE8awSl7PPvp"
"Wa Yeah!","Antònia Font","Batiscafo Katiuscas","🏝️ Música Balear 🏝️ - Hits de Mallorca, Menorca, Eivissa i Formentera 2026","Playlist","ES5300611819","0BPIknt0SyI873a6N5QDBI"
"Idò un cafè","MARIA HEIN","Idò un cafè","🏝️ Música Balear 🏝️ - Hits de Mallorca, Menorca, Eivissa i Formentera 2026","Playlist","ESA011851038","3rpx7uAwdYh4ZSy9CjR2Qh"
"Continent i contingut","MARIA HEIN","Continent i contingut","🏝️ Música Balear 🏝️ - Hits de Mallorca, Menorca, Eivissa i Formentera 2026","Playlist","ES97D2109206","3nhMlEdjsE5LsLmqUOzoJb"
"Dies Bons","Reïna","Arts Marcials","🏝️ Música Balear 🏝️ - Hits de Mallorca, Menorca, Eivissa i Formentera 2026","Playlist","ES17D2101485","5wrzGJf5M6EUhy0ysIb0cm"
"Flors de Cactus","Joan Miquel Oliver","Pegasus","🏝️ Música Balear 🏝️ - Hits de Mallorca, Menorca, Eivissa i Formentera 2026","Playlist","ES55G1500029","7paQQhiMOQ1QkUpO6ijWAc"
"OooOooo♡oooOooO","Xanguito","Bon Rotllo","🏝️ Música Balear 🏝️ - Hits de Mallorca, Menorca, Eivissa i Formentera 2026","Playlist","ES11D2300916","4x9oyKpTpFP2RNGhNeau14"
"Un Minut Estroboscòpica","Antònia Font","Un minut estroboscòpica","🏝️ Música Balear 🏝️ - Hits de Mallorca, Menorca, Eivissa i Formentera 2026","Playlist","ES66S2100068","2tqVxiv5vBHs8bT83VisSJ"
"Flors","Reïna","Retirada a temps","🏝️ Música Balear 🏝️ - Hits de Mallorca, Menorca, Eivissa i Formentera 2026","Playlist","ES40B2300051","4rR9uT8upHDXphKdcZp07p"
"DISCUSSIONS AMB ES CERVELL","Plan-ET","Kepler-454","🏝️ Música Balear 🏝️ - Hits de Mallorca, Menorca, Eivissa i Formentera 2026","Playlist","QM4TX2290662","2ED89rJ7Civ9ee7nT0a5aO"
"Ma Mare i Jo","Miquel Serra","Antiga Hodomura","🏝️ Música Balear 🏝️ - Hits de Mallorca, Menorca, Eivissa i Formentera 2026","Playlist","ES42G1700130","5UMYWErnuolU3Q2ttByPna"
"Dois","Reïna","Arts Marcials","🏝️ Música Balear 🏝️ - Hits de Mallorca, Menorca, Eivissa i Formentera 2026","Playlist","ES17D2101481","4hrksoSURvT4pGQHX64XSW"
"FIU FIUUU","MARIA HEIN","TOT ALLÒ QUE NO SAP NINGÚ","🏝️ Música Balear 🏝️ - Hits de Mallorca, Menorca, Eivissa i Formentera 2026","Playlist","ES97D2311203","6UQzXHvkNeUbSUR21E87ew"
"En s'estiu","Antònia Font","Antònia Font","🏝️ Música Balear 🏝️ - Hits de Mallorca, Menorca, Eivissa i Formentera 2026","Playlist","ES8570732605","5dpoGuFGb01syYB4ZXcgk8"
"Padrins","Miquel Serra","El Perfum dels Vegetals","🏝️ Música Balear 🏝️ - Hits de Mallorca, Menorca, Eivissa i Formentera 2026","Playlist","ES42G1400071","6fOxI2aeMLOlCwnbudh3EW"
"Això és Mel","OR (O-ERRA)","Carretera i Manta","🏝️ Música Balear 🏝️ - Hits de Mallorca, Menorca, Eivissa i Formentera 2026","Playlist","ES8571871102","2AHAPLvz8II4V2gM06IIGE"
"Dolent","Reïna","Retirada a temps","🏝️ Música Balear 🏝️ - Hits de Mallorca, Menorca, Eivissa i Formentera 2026","Playlist","ES40B2300052","7hwJRX6QCi5n6girACwTtP"
"Per Primera Vegada","OR (O-ERRA)","En Veu Baixa","🏝️ Música Balear 🏝️ - Hits de Mallorca, Menorca, Eivissa i Formentera 2026","Playlist","ES8571972507","6jcCbaswmzZQcHUsevQi6s"
"Viatjarem","Xanguito","Milions D'Estrelles","🏝️ Música Balear 🏝️ - Hits de Mallorca, Menorca, Eivissa i Formentera 2026","Playlist","ES17D2001010","12yMxz1jxHhsxS0DPQcUFl"
"Diga'm Què he de Fer (Perquè m'Estimis)","OR (O-ERRA)","En Veu Baixa","🏝️ Música Balear 🏝️ - Hits de Mallorca, Menorca, Eivissa i Formentera 2026","Playlist","ES8571972504","0P0UDRBjSwy4UgxAaUFN9H"
"Batiscafo Katiuscas","Antònia Font","Batiscafo Katiuscas","🏝️ Música Balear 🏝️ - Hits de Mallorca, Menorca, Eivissa i Formentera 2026","Playlist","ES5300611818","0p22isB9cvNajvi63OtYf8"
"EUFÒRIA","Xanguito","EUFÒRIA","🏝️ Música Balear 🏝️ - Hits de Mallorca, Menorca, Eivissa i Formentera 2026","Playlist","ES11D2200742","3isT4Kct8HKzoV0nmDJvmt"
"Per la Dreta","OR (O-ERRA)","IMAGINARI","🏝️ Música Balear 🏝️ - Hits de Mallorca, Menorca, Eivissa i Formentera 2026","Playlist","ES8572177404","6vKNRIvBaSHLD2aGynd5Ss"
"L'Elegància Dorm","Miquel Serra","L'Elegància Dorm","🏝️ Música Balear 🏝️ - Hits de Mallorca, Menorca, Eivissa i Formentera 2026","Playlist","ES42G1900012","3o4j0poTX1XpBRmW571G7Z"
"Es missatge és clar","Anegats","Illenc","🏝️ Música Balear 🏝️ - Hits de Mallorca, Menorca, Eivissa i Formentera 2026","Playlist","ES8570737903","620jpzEDYSqPOwBTnWaqfc"
"Encara És Prest","Xanguito","Beix","🏝️ Música Balear 🏝️ - Hits de Mallorca, Menorca, Eivissa i Formentera 2026","Playlist","ES17D1700267","7zloYc5SIOLQstbv69AdlA"
"C'est la vie","Pèl De Gall","C'est la vie","🏝️ Música Balear 🏝️ - Hits de Mallorca, Menorca, Eivissa i Formentera 2026","Playlist","ES80A2217503","2kpMC0gOALY2Zpk8tleeiD"
"Tramuntana","Anegats","Mons Diferents","🏝️ Música Balear 🏝️ - Hits de Mallorca, Menorca, Eivissa i Formentera 2026","Playlist","ES8570740702","6vooRekzb25vJEoSJIaNaI"
"Maldecap","Reïna","Retirada a temps","🏝️ Música Balear 🏝️ - Hits de Mallorca, Menorca, Eivissa i Formentera 2026","Playlist","ES40B2300054","0kjLKeYseuuLZjUS1qnAXE"
"Me Sobren Paraules","Antònia Font","Lamparetes","🏝️ Música Balear 🏝️ - Hits de Mallorca, Menorca, Eivissa i Formentera 2026","Playlist","ES21I1100001","0HHuNEwFNbbbSWEKn8FAkk"
"RIURE","Xanguito","EUFÒRIA","🏝️ Música Balear 🏝️ - Hits de Mallorca, Menorca, Eivissa i Formentera 2026","Playlist","ES11D2200764","3V5SCEsWa6kwlFdSWiMSOl"
"Tic Tac","Anegats","Prova i Error","🏝️ Música Balear 🏝️ - Hits de Mallorca, Menorca, Eivissa i Formentera 2026","Playlist","ES8570759308","7lL7KPX3BJAqWyxe1QwdNE"
"MINIFALDA","FADES","METALLIX","🏝️ Música Balear 🏝️ - Hits de Mallorca, Menorca, Eivissa i Formentera 2026","Playlist","QZHN72412048","2thc9019UnrqHsj3wFXgCM"
"Illa","Projecte Mut","Col·lecció de Satèl·lits","🏝️ Música Balear 🏝️ - Hits de Mallorca, Menorca, Eivissa i Formentera 2026","Playlist","ES78G1340005","3ABOdeDjlo3uiVGsx0vVrN"
"Mai","Pèl De Gall","Mai","🏝️ Música Balear 🏝️ - Hits de Mallorca, Menorca, Eivissa i Formentera 2026","Playlist","ES80A2217501","0xyYjogyuwB9gHA0vEtM3o"
"Quan Somrius, el Món Somriu Amb Tu","Xanguito","Milions D'Estrelles","🏝️ Música Balear 🏝️ - Hits de Mallorca, Menorca, Eivissa i Formentera 2026","Playlist","ES17D1900839","3twuIX6oWvYcRKlo9SUKcq"
"Una daixona de pols","Antònia Font","Un minut estroboscòpica","🏝️ Música Balear 🏝️ - Hits de Mallorca, Menorca, Eivissa i Formentera 2026","Playlist","ES66S2100073","4eoVLGfE5S4wHYE4byWgfs"
"Alçau els Gots","Pèl De Gall","A Sa Vostra Salut","🏝️ Música Balear 🏝️ - Hits de Mallorca, Menorca, Eivissa i Formentera 2026","Playlist","ES80A2014004","0gyuVjZ3HEGpLdk4tgF7gp"
"Corr!","Anegats","Paraules","🏝️ Música Balear 🏝️ - Hits de Mallorca, Menorca, Eivissa i Formentera 2026","Playlist","ES8570753603","4SC5lTqvtxRPHthCs6oUZU"
"Més Fàcil","Xanguito","Beix","🏝️ Música Balear 🏝️ - Hits de Mallorca, Menorca, Eivissa i Formentera 2026","Playlist","ES17D1700268","6RkhpSbUc5iTk2l27rDykC"
"Aquesta Nit és Nostra","OR (O-ERRA)","En Veu Baixa","🏝️ Música Balear 🏝️ - Hits de Mallorca, Menorca, Eivissa i Formentera 2026","Playlist","ES8571972503","2mgqhgJ5XyssLWsTVxVP4v"
"Ressaca","Pèl De Gall","A Sa Vostra Salut","🏝️ Música Balear 🏝️ - Hits de Mallorca, Menorca, Eivissa i Formentera 2026","Playlist","ES80A2014008","3aSh5HCEYI4miKMb2Hggbt"
"Caramel·let","Antònia Font","Un minut estroboscòpica","🏝️ Música Balear 🏝️ - Hits de Mallorca, Menorca, Eivissa i Formentera 2026","Playlist","ES66S2100075","1Y5oOuO76UweG42A5f9uC7"
"Ai Muare","Rudymentari","CONTRACORRENT","🏝️ Música Balear 🏝️ - Hits de Mallorca, Menorca, Eivissa i Formentera 2026","Playlist","ES16E1900084","5YNfMbbG9ny1q0whhiOvka"
"No Fris","Anegats","Ànima niu","🏝️ Música Balear 🏝️ - Hits de Mallorca, Menorca, Eivissa i Formentera 2026","Playlist","ES8571973004","65uFAgJP1wOs4HT6jh1VL1"
"Un Dia Perfecte","Caïm Riba","Llunes de Plutó","🏝️ Música Balear 🏝️ - Hits de Mallorca, Menorca, Eivissa i Formentera 2026","Playlist","ES80A2115201","7EdTGaediSkNw1rG9a730V"
"Correllengua","Oprimits","Endavant","🏝️ Música Balear 🏝️ - Hits de Mallorca, Menorca, Eivissa i Formentera 2026","Playlist","ES5951304428","3mFxOy5QKXCxP7bNdGUqr0"
"De Sol a Sol","Pèl De Gall","A Sa Vostra Salut","🏝️ Música Balear 🏝️ - Hits de Mallorca, Menorca, Eivissa i Formentera 2026","Playlist","ES80A2014005","78KcehkP9HFdu0itnP0YBR"
"Creu Amb Tu","Valtonyc","Piet Hein","🏝️ Música Balear 🏝️ - Hits de Mallorca, Menorca, Eivissa i Formentera 2026","Playlist","BEW631921304","6Kx0RCyEvVJliaZQ4jPeY8"
"Avui Va De Bo","Anegats","Paraules","🏝️ Música Balear 🏝️ - Hits de Mallorca, Menorca, Eivissa i Formentera 2026","Playlist","ES8570753610","0BkB8cvvkMfrwHr3ah6Hho"
"Junts","Pèl De Gall","Junts","🏝️ Música Balear 🏝️ - Hits de Mallorca, Menorca, Eivissa i Formentera 2026","Playlist","ES80A2217502","5hmAFuS43hdXMzKApWmcZe"
"Irreals","Anegats","Mons Diferents","🏝️ Música Balear 🏝️ - Hits de Mallorca, Menorca, Eivissa i Formentera 2026","Playlist","ES8570740701","3z0nBKObd4lIEZIm2szW3f"
"L'amo de Son Carabassa","Xanguito","Milions D'Estrelles","🏝️ Música Balear 🏝️ - Hits de Mallorca, Menorca, Eivissa i Formentera 2026","Playlist","ES17D2001009","6BrtHKYeJYyKZYSh1tekBS"
"Xafogor","Verlaat","Xafogor","🏝️ Música Balear 🏝️ - Hits de Mallorca, Menorca, Eivissa i Formentera 2026","Playlist","QZHN72273828","6OGNP2KC8diIdq3rl8QKyl"
"Cor eixut","Xanguito","Bon Rotllo","🏝️ Música Balear 🏝️ - Hits de Mallorca, Menorca, Eivissa i Formentera 2026","Playlist","ES11D2300953","5mgpQo1aH6xQ2Z0pQ8JjSZ"
"Terra","Rudymentari","Terra","🏝️ Música Balear 🏝️ - Hits de Mallorca, Menorca, Eivissa i Formentera 2026","Playlist","ES16E2300553","5MVco04gWmN5nfVW5fHFbB"
"Sa cançó de s’estiu","Pèl De Gall","Totes ses deixades són perdudes","🏝️ Música Balear 🏝️ - Hits de Mallorca, Menorca, Eivissa i Formentera 2026","Playlist","ESA031703303","6ijMr1d4rY4ehfxz9WiqIe"
"Aprenent","Anegats","Aprenent","🏝️ Música Balear 🏝️ - Hits de Mallorca, Menorca, Eivissa i Formentera 2026","Playlist","ES8572176601","1G5M6INmfyQ0B3QS17cP7u"
"Entre poc i massa","Rudymentari","Entre poc i massa","🏝️ Música Balear 🏝️ - Hits de Mallorca, Menorca, Eivissa i Formentera 2026","Playlist","ES16E1900080","4UuAYLP8sJYai77eg4889G"
"A la Ciutat","Caïm Riba","Llunes de Plutó","🏝️ Música Balear 🏝️ - Hits de Mallorca, Menorca, Eivissa i Formentera 2026","Playlist","ES80A2115202","0YLUNOJwz23SfTKFbVanbj"
"JA SÉ L'AMOR","Salvatge Cor","JA SÉ L'AMOR","🏝️ Música Balear 🏝️ - Hits de Mallorca, Menorca, Eivissa i Formentera 2026","Playlist","QZES72429532","6UEMDOYMCcOQxjLebB3q8R"
"CRUÏLLA","Salvatge Cor","CRUÏLLA","🏝️ Música Balear 🏝️ - Hits de Mallorca, Menorca, Eivissa i Formentera 2026","Playlist","QM4TW2282255","6TNByW0vz9P3kS6BmM8xN7"
"Estem tan bé","Rudymentari","CONTRACORRENT","🏝️ Música Balear 🏝️ - Hits de Mallorca, Menorca, Eivissa i Formentera 2026","Playlist","ES16E1900085","0gGXTwtWGaqglty2wlKzQP"
"Celobert","Saïm","Fràgil","🏝️ Música Balear 🏝️ - Hits de Mallorca, Menorca, Eivissa i Formentera 2026","Playlist","ES6492136512","5mZbIQQJSJCMMlvUKQdP0Q"
"Foc","Valtonyc","Piet Hein","🏝️ Música Balear 🏝️ - Hits de Mallorca, Menorca, Eivissa i Formentera 2026","Playlist","BEW631921310","4WKIv3TojC1LOTcTh6qz9T"
"Diuen que plou","Rudymentari","Diuen que plou","🏝️ Música Balear 🏝️ - Hits de Mallorca, Menorca, Eivissa i Formentera 2026","Playlist","ES16E2300573","4GJMi6ZIdAbhggUvnD7Na9"
"L'Univers","Ja T'ho Dire","Historia D'un Viatge","🏝️ Música Balear 🏝️ - Hits de Mallorca, Menorca, Eivissa i Formentera 2026","Playlist","ES5950200412","4zmAHXjOFUiacublaNCxoQ"
"Fora de control","Rudymentari","Fora de Control","🏝️ Música Balear 🏝️ - Hits de Mallorca, Menorca, Eivissa i Formentera 2026","Playlist","ES16E2200476","3EuuxeBrdqI4xXS55413xJ"
"G&G","FADES","METALLIX","🏝️ Música Balear 🏝️ - Hits de Mallorca, Menorca, Eivissa i Formentera 2026","Playlist","QZNWZ2428764","5TpaYjokTh6UBqZFMd5oSI"
"Trista a Miami","Maria Jaume","Nostàlgia Airlines","🏝️ Música Balear 🏝️ - Hits de Mallorca, Menorca, Eivissa i Formentera 2026","Playlist","ES40B2400005","4KIjLt2dy3sefaY11QiZNX"
"Mon Cheri Go Home","Maria Jaume","Mon Cheri Go Home","🏝️ Música Balear 🏝️ - Hits de Mallorca, Menorca, Eivissa i Formentera 2026","Playlist","ES40B2500010","0340Kvl35SM3t1Hg0ReBj4"
"Per Quan Tu M'estimis","Ses Bubotes","Picadors","🏝️ Música Balear 🏝️ - Hits de Mallorca, Menorca, Eivissa i Formentera 2026","Playlist","ESA031600502","5O5hXEabZFliNcvfVntElP"
"In Menorca tonight","Pèl De Gall","Entre sa llum i sa foscor","🏝️ Música Balear 🏝️ - Hits de Mallorca, Menorca, Eivissa i Formentera 2026","Playlist","ES80A2420403","40LphM2CX3MA3QSdqb2JYq"
"Apunto Shakespeare","Els Amics De Les Arts","20 anys d'Amics","🏝️ Música Balear 🏝️ - Hits de Mallorca, Menorca, Eivissa i Formentera 2026","Playlist","ES60E2500028","6hx7mpKCpsGu5zndJ7CObF"